Fold,Accuracy,Formatted
Run 1,0.9689265536723164,96.89%
Run 2,0.9830508474576272,98.31%
Run 3,0.980225988700565,98.02%
Run 4,0.9943502824858758,99.44%
Run 5,0.9801699716713881,98.02%
AVERAGE,0.9813447287975545,98.13% (+/- 0.81%)
