Fold,Accuracy,Formatted
Run 1,0.980225988700565,98.02%
Run 2,0.9774011299435028,97.74%
Run 3,0.9858757062146892,98.59%
Run 4,0.9858757062146892,98.59%
Run 5,0.9745042492917847,97.45%
AVERAGE,0.9807765560730463,98.08% (+/- 0.45%)
