Fold,Accuracy,Formatted
Run 1,0.9717514124293786,97.18%
Run 2,0.9887005649717514,98.87%
Run 3,0.9745762711864406,97.46%
Run 4,0.9887005649717514,98.87%
Run 5,0.9631728045325779,96.32%
AVERAGE,0.9773803236183799,97.74% (+/- 1.00%)
