Fold,Accuracy,Formatted
Run 1,0.9788359788359788,97.88%
Run 2,0.9735449735449735,97.35%
Run 3,0.9840848806366048,98.41%
Run 4,0.9761273209549072,97.61%
Run 5,0.9787798408488063,97.88%
AVERAGE,0.9782745989642541,97.83% (+/- 0.35%)
